Timestamp,Date,Time,Timezone
2026-02-17 21:31:41 AEDT,2026-02-17,21:31:41,AEDT
2026-02-17 21:31:48 AEDT,2026-02-17,21:31:48,AEDT
2026-02-17 21:31:49 AEDT,2026-02-17,21:31:49,AEDT
2026-02-17 21:34:53 AEDT,2026-02-17,21:34:53,AEDT
2026-02-17 21:39:24 AEDT,2026-02-17,21:39:24,AEDT
2026-02-17 21:43:42 AEDT,2026-02-17,21:43:42,AEDT
2026-02-17 22:17:30 AEDT,2026-02-17,22:17:30,AEDT
2026-02-17 23:13:45 AEDT,2026-02-17,23:13:45,AEDT
2026-02-18 00:29:57 AEDT,2026-02-18,00:29:57,AEDT
2026-02-18 01:20:42 AEDT,2026-02-18,01:20:42,AEDT
2026-02-18 02:19:03 AEDT,2026-02-18,02:19:03,AEDT
2026-02-18 03:20:39 AEDT,2026-02-18,03:20:39,AEDT
2026-02-18 04:23:54 AEDT,2026-02-18,04:23:54,AEDT
2026-02-18 05:20:19 AEDT,2026-02-18,05:20:19,AEDT
2026-02-18 06:21:17 AEDT,2026-02-18,06:21:17,AEDT
2026-02-18 07:12:00 AEDT,2026-02-18,07:12:00,AEDT
2026-02-18 08:12:12 AEDT,2026-02-18,08:12:12,AEDT
2026-02-18 09:08:16 AEDT,2026-02-18,09:08:16,AEDT
2026-02-18 10:08:35 AEDT,2026-02-18,10:08:35,AEDT
2026-02-18 11:24:43 AEDT,2026-02-18,11:24:43,AEDT
2026-02-18 12:35:32 AEDT,2026-02-18,12:35:32,AEDT
2026-02-18 14:02:49 AEDT,2026-02-18,14:02:49,AEDT
2026-02-18 15:39:28 AEDT,2026-02-18,15:39:28,AEDT
2026-02-18 16:30:34 AEDT,2026-02-18,16:30:34,AEDT
2026-02-18 17:24:57 AEDT,2026-02-18,17:24:57,AEDT
2026-02-18 18:23:26 AEDT,2026-02-18,18:23:26,AEDT
2026-02-18 19:14:43 AEDT,2026-02-18,19:14:43,AEDT
2026-02-18 20:17:56 AEDT,2026-02-18,20:17:56,AEDT
2026-02-18 21:17:25 AEDT,2026-02-18,21:17:25,AEDT
2026-02-18 22:17:33 AEDT,2026-02-18,22:17:33,AEDT
2026-02-18 23:13:51 AEDT,2026-02-18,23:13:51,AEDT
2026-02-19 00:30:50 AEDT,2026-02-19,00:30:50,AEDT
2026-02-19 01:19:28 AEDT,2026-02-19,01:19:28,AEDT
2026-02-19 02:19:19 AEDT,2026-02-19,02:19:19,AEDT
2026-02-19 03:21:17 AEDT,2026-02-19,03:21:17,AEDT
2026-02-19 04:25:19 AEDT,2026-02-19,04:25:19,AEDT
2026-02-19 05:16:48 AEDT,2026-02-19,05:16:48,AEDT
2026-02-19 06:21:27 AEDT,2026-02-19,06:21:27,AEDT
2026-02-19 07:12:54 AEDT,2026-02-19,07:12:54,AEDT
2026-02-19 08:13:54 AEDT,2026-02-19,08:13:54,AEDT
2026-02-19 09:10:04 AEDT,2026-02-19,09:10:04,AEDT
2026-02-19 10:08:44 AEDT,2026-02-19,10:08:44,AEDT
2026-02-19 11:24:43 AEDT,2026-02-19,11:24:43,AEDT
2026-02-19 12:35:24 AEDT,2026-02-19,12:35:24,AEDT
2026-02-19 14:02:12 AEDT,2026-02-19,14:02:12,AEDT
2026-02-19 15:38:30 AEDT,2026-02-19,15:38:30,AEDT
2026-02-19 16:29:31 AEDT,2026-02-19,16:29:31,AEDT
2026-02-19 17:24:04 AEDT,2026-02-19,17:24:04,AEDT
2026-02-19 18:23:17 AEDT,2026-02-19,18:23:17,AEDT
2026-02-19 19:14:35 AEDT,2026-02-19,19:14:35,AEDT
2026-02-19 20:17:22 AEDT,2026-02-19,20:17:22,AEDT
2026-02-19 21:17:15 AEDT,2026-02-19,21:17:15,AEDT
2026-02-19 22:17:29 AEDT,2026-02-19,22:17:29,AEDT
2026-02-19 23:14:50 AEDT,2026-02-19,23:14:50,AEDT
2026-02-20 00:31:38 AEDT,2026-02-20,00:31:38,AEDT
2026-02-20 01:22:09 AEDT,2026-02-20,01:22:09,AEDT
2026-02-20 02:17:38 AEDT,2026-02-20,02:17:38,AEDT
2026-02-20 03:18:55 AEDT,2026-02-20,03:18:55,AEDT
2026-02-20 04:21:20 AEDT,2026-02-20,04:21:20,AEDT
2026-02-20 05:19:22 AEDT,2026-02-20,05:19:22,AEDT
2026-02-20 06:18:14 AEDT,2026-02-20,06:18:14,AEDT
2026-02-20 07:09:24 AEDT,2026-02-20,07:09:24,AEDT
2026-02-20 08:09:37 AEDT,2026-02-20,08:09:37,AEDT
2026-02-20 09:08:32 AEDT,2026-02-20,09:08:32,AEDT
2026-02-20 10:09:46 AEDT,2026-02-20,10:09:46,AEDT
2026-02-20 11:21:46 AEDT,2026-02-20,11:21:46,AEDT
2026-02-20 12:35:21 AEDT,2026-02-20,12:35:21,AEDT
2026-02-20 14:00:12 AEDT,2026-02-20,14:00:12,AEDT
2026-02-20 15:35:28 AEDT,2026-02-20,15:35:28,AEDT
2026-02-20 16:25:45 AEDT,2026-02-20,16:25:45,AEDT
2026-02-20 17:20:12 AEDT,2026-02-20,17:20:12,AEDT
2026-02-20 18:21:38 AEDT,2026-02-20,18:21:38,AEDT
2026-02-20 19:14:07 AEDT,2026-02-20,19:14:07,AEDT
2026-02-20 20:15:01 AEDT,2026-02-20,20:15:01,AEDT
2026-02-20 21:13:29 AEDT,2026-02-20,21:13:29,AEDT
2026-02-20 22:12:16 AEDT,2026-02-20,22:12:16,AEDT
2026-02-20 23:12:11 AEDT,2026-02-20,23:12:11,AEDT
2026-02-21 00:27:07 AEDT,2026-02-21,00:27:07,AEDT
2026-02-21 01:16:39 AEDT,2026-02-21,01:16:39,AEDT
2026-02-21 02:15:39 AEDT,2026-02-21,02:15:39,AEDT
2026-02-21 03:12:48 AEDT,2026-02-21,03:12:48,AEDT
2026-02-21 04:15:11 AEDT,2026-02-21,04:15:11,AEDT
2026-02-21 05:14:04 AEDT,2026-02-21,05:14:04,AEDT
2026-02-21 06:16:24 AEDT,2026-02-21,06:16:24,AEDT
2026-02-21 07:07:53 AEDT,2026-02-21,07:07:53,AEDT
2026-02-21 08:06:03 AEDT,2026-02-21,08:06:03,AEDT
2026-02-21 09:05:19 AEDT,2026-02-21,09:05:19,AEDT
2026-02-21 10:08:36 AEDT,2026-02-21,10:08:36,AEDT
2026-02-21 11:22:53 AEDT,2026-02-21,11:22:53,AEDT
2026-02-21 12:34:38 AEDT,2026-02-21,12:34:38,AEDT
2026-02-21 13:55:45 AEDT,2026-02-21,13:55:45,AEDT
2026-02-21 14:47:20 AEDT,2026-02-21,14:47:20,AEDT
2026-02-21 15:32:38 AEDT,2026-02-21,15:32:38,AEDT
2026-02-21 16:19:44 AEDT,2026-02-21,16:19:44,AEDT
2026-02-21 17:13:59 AEDT,2026-02-21,17:13:59,AEDT
2026-02-21 18:13:29 AEDT,2026-02-21,18:13:29,AEDT
2026-02-21 19:07:09 AEDT,2026-02-21,19:07:09,AEDT
2026-02-21 20:08:40 AEDT,2026-02-21,20:08:40,AEDT
2026-02-21 21:06:05 AEDT,2026-02-21,21:06:05,AEDT
2026-02-21 22:05:56 AEDT,2026-02-21,22:05:56,AEDT
2026-02-21 23:08:29 AEDT,2026-02-21,23:08:29,AEDT
2026-02-22 00:18:41 AEDT,2026-02-22,00:18:41,AEDT
2026-02-22 01:07:24 AEDT,2026-02-22,01:07:24,AEDT
2026-02-22 02:06:26 AEDT,2026-02-22,02:06:26,AEDT
2026-02-22 03:06:22 AEDT,2026-02-22,03:06:22,AEDT
2026-02-22 04:07:53 AEDT,2026-02-22,04:07:53,AEDT
2026-02-22 05:07:48 AEDT,2026-02-22,05:07:48,AEDT
2026-02-22 06:08:35 AEDT,2026-02-22,06:08:35,AEDT
2026-02-22 07:05:23 AEDT,2026-02-22,07:05:23,AEDT
2026-02-22 08:05:45 AEDT,2026-02-22,08:05:45,AEDT
2026-02-22 09:05:23 AEDT,2026-02-22,09:05:23,AEDT
2026-02-22 10:06:19 AEDT,2026-02-22,10:06:19,AEDT
2026-02-22 11:23:25 AEDT,2026-02-22,11:23:25,AEDT
2026-02-22 12:34:52 AEDT,2026-02-22,12:34:52,AEDT
2026-02-22 14:03:13 AEDT,2026-02-22,14:03:13,AEDT
2026-02-22 15:36:22 AEDT,2026-02-22,15:36:22,AEDT
2026-02-22 16:25:17 AEDT,2026-02-22,16:25:17,AEDT
2026-02-22 17:16:42 AEDT,2026-02-22,17:16:42,AEDT
2026-02-22 18:16:47 AEDT,2026-02-22,18:16:47,AEDT
2026-02-22 19:07:32 AEDT,2026-02-22,19:07:32,AEDT
2026-02-22 20:08:36 AEDT,2026-02-22,20:08:36,AEDT
2026-02-22 21:05:29 AEDT,2026-02-22,21:05:29,AEDT
2026-02-22 22:05:39 AEDT,2026-02-22,22:05:39,AEDT
2026-02-22 23:08:38 AEDT,2026-02-22,23:08:38,AEDT
2026-02-23 00:18:51 AEDT,2026-02-23,00:18:51,AEDT
2026-02-23 01:08:33 AEDT,2026-02-23,01:08:33,AEDT
2026-02-23 02:06:46 AEDT,2026-02-23,02:06:46,AEDT
2026-02-23 03:06:31 AEDT,2026-02-23,03:06:31,AEDT
2026-02-23 04:07:32 AEDT,2026-02-23,04:07:32,AEDT
2026-02-23 05:07:43 AEDT,2026-02-23,05:07:43,AEDT
2026-02-23 06:08:47 AEDT,2026-02-23,06:08:47,AEDT
2026-02-23 07:05:32 AEDT,2026-02-23,07:05:32,AEDT
2026-02-23 08:06:30 AEDT,2026-02-23,08:06:30,AEDT
2026-02-23 09:05:11 AEDT,2026-02-23,09:05:11,AEDT
2026-02-23 10:06:58 AEDT,2026-02-23,10:06:58,AEDT
2026-02-23 11:23:55 AEDT,2026-02-23,11:23:55,AEDT
2026-02-23 12:35:24 AEDT,2026-02-23,12:35:24,AEDT
2026-02-23 14:03:31 AEDT,2026-02-23,14:03:31,AEDT
2026-02-23 15:42:23 AEDT,2026-02-23,15:42:23,AEDT
2026-02-23 16:32:12 AEDT,2026-02-23,16:32:12,AEDT
2026-02-23 17:26:15 AEDT,2026-02-23,17:26:15,AEDT
2026-02-23 18:26:06 AEDT,2026-02-23,18:26:06,AEDT
2026-02-23 19:15:47 AEDT,2026-02-23,19:15:47,AEDT
2026-02-23 20:19:53 AEDT,2026-02-23,20:19:53,AEDT
2026-02-23 21:19:56 AEDT,2026-02-23,21:19:56,AEDT
2026-02-23 22:17:08 AEDT,2026-02-23,22:17:08,AEDT
2026-02-23 23:14:27 AEDT,2026-02-23,23:14:27,AEDT
2026-02-24 00:31:11 AEDT,2026-02-24,00:31:11,AEDT
2026-02-24 01:21:03 AEDT,2026-02-24,01:21:03,AEDT
2026-02-24 02:18:51 AEDT,2026-02-24,02:18:51,AEDT
2026-02-24 03:35:01 AEDT,2026-02-24,03:35:01,AEDT
2026-02-24 04:25:50 AEDT,2026-02-24,04:25:50,AEDT
2026-02-24 05:22:31 AEDT,2026-02-24,05:22:31,AEDT
2026-02-24 06:26:05 AEDT,2026-02-24,06:26:05,AEDT
2026-02-24 07:13:50 AEDT,2026-02-24,07:13:50,AEDT
2026-02-24 08:17:59 AEDT,2026-02-24,08:17:59,AEDT
2026-02-24 09:16:31 AEDT,2026-02-24,09:16:31,AEDT
2026-02-24 10:13:55 AEDT,2026-02-24,10:13:55,AEDT
2026-02-24 11:23:24 AEDT,2026-02-24,11:23:24,AEDT
2026-02-24 12:35:36 AEDT,2026-02-24,12:35:36,AEDT
2026-02-24 14:01:44 AEDT,2026-02-24,14:01:44,AEDT
2026-02-24 15:37:43 AEDT,2026-02-24,15:37:43,AEDT
2026-02-24 16:29:12 AEDT,2026-02-24,16:29:12,AEDT
2026-02-24 17:23:29 AEDT,2026-02-24,17:23:29,AEDT
2026-02-24 18:23:18 AEDT,2026-02-24,18:23:18,AEDT
2026-02-24 19:15:32 AEDT,2026-02-24,19:15:32,AEDT
2026-02-24 20:19:55 AEDT,2026-02-24,20:19:55,AEDT
2026-02-24 21:18:50 AEDT,2026-02-24,21:18:50,AEDT
2026-02-24 22:17:35 AEDT,2026-02-24,22:17:35,AEDT
2026-02-24 23:15:33 AEDT,2026-02-24,23:15:33,AEDT
2026-02-25 00:31:36 AEDT,2026-02-25,00:31:36,AEDT
2026-02-25 01:23:07 AEDT,2026-02-25,01:23:07,AEDT
2026-02-25 02:21:20 AEDT,2026-02-25,02:21:20,AEDT
2026-02-25 03:24:30 AEDT,2026-02-25,03:24:30,AEDT
2026-02-25 04:24:28 AEDT,2026-02-25,04:24:28,AEDT
2026-02-25 05:21:29 AEDT,2026-02-25,05:21:29,AEDT
2026-02-25 06:23:26 AEDT,2026-02-25,06:23:26,AEDT
2026-02-25 07:11:09 AEDT,2026-02-25,07:11:09,AEDT
2026-02-25 08:11:47 AEDT,2026-02-25,08:11:47,AEDT
2026-02-25 09:09:33 AEDT,2026-02-25,09:09:33,AEDT
2026-02-25 10:10:09 AEDT,2026-02-25,10:10:09,AEDT
2026-02-25 11:25:37 AEDT,2026-02-25,11:25:37,AEDT
2026-02-25 12:34:44 AEDT,2026-02-25,12:34:44,AEDT
2026-02-25 14:02:14 AEDT,2026-02-25,14:02:14,AEDT
2026-02-25 15:38:50 AEDT,2026-02-25,15:38:50,AEDT
2026-02-25 16:30:22 AEDT,2026-02-25,16:30:22,AEDT
2026-02-25 17:25:44 AEDT,2026-02-25,17:25:44,AEDT
2026-02-25 18:23:32 AEDT,2026-02-25,18:23:32,AEDT
2026-02-25 19:15:45 AEDT,2026-02-25,19:15:45,AEDT
2026-02-25 20:19:41 AEDT,2026-02-25,20:19:41,AEDT
2026-02-25 21:19:57 AEDT,2026-02-25,21:19:57,AEDT
2026-02-25 22:17:47 AEDT,2026-02-25,22:17:47,AEDT
2026-02-25 23:14:52 AEDT,2026-02-25,23:14:52,AEDT
2026-02-26 00:31:21 AEDT,2026-02-26,00:31:21,AEDT
2026-02-26 01:22:34 AEDT,2026-02-26,01:22:34,AEDT
2026-02-26 02:21:39 AEDT,2026-02-26,02:21:39,AEDT
2026-02-26 03:27:13 AEDT,2026-02-26,03:27:13,AEDT
2026-02-26 04:24:44 AEDT,2026-02-26,04:24:44,AEDT
2026-02-26 05:24:05 AEDT,2026-02-26,05:24:05,AEDT
2026-02-26 06:24:20 AEDT,2026-02-26,06:24:20,AEDT
2026-02-26 07:11:35 AEDT,2026-02-26,07:11:35,AEDT
2026-02-26 08:11:39 AEDT,2026-02-26,08:11:39,AEDT
2026-02-26 09:08:26 AEDT,2026-02-26,09:08:26,AEDT
2026-02-26 10:10:21 AEDT,2026-02-26,10:10:21,AEDT
2026-02-26 11:21:40 AEDT,2026-02-26,11:21:40,AEDT
2026-02-26 12:34:48 AEDT,2026-02-26,12:34:48,AEDT
